gwb_code,year,a_inw,a_man,a_vrouw,a_hh,a_1p_hh,a_hh_z_k,a_hh_m_k,bev_dich,a_lan_ha
WK036300,2021,4520,2485,2040,3180,2155.0,780.0,245.0,12914,35
WK036301,2021,4025,2230,1800,2880,1950.0,745.0,180.0,7060,57
WK036302,2021,6365,3330,3030,4095,2520.0,1085.0,490.0,14147,45
WK036303,2021,5380,2920,2465,3360,2015.0,895.0,450.0,10350,52
WK036304,2021,9630,5000,4625,6280,3970.0,1460.0,850.0,13561,71
WK036305,2021,9175,4615,4555,5645,3375.0,1330.0,940.0,16678,55
WK036306,2021,19405,9835,9565,12935,8480.0,2815.0,1640.0,23380,83
WK036307,2021,7330,3775,3555,4600,2775.0,1200.0,625.0,13088,56
WK036308,2021,7545,3890,3650,4585,2900.0,1085.0,610.0,9671,78
WK036309,2021,13715,6965,6745,8065,4860.0,1675.0,1525.0,13852,99
WK036310,2021,145,85,60,120,100.0,5.0,10.0,7,2010
WK036311,2021,860,530,325,745,645.0,85.0,10.0,119,720
WK036312,2021,3685,1910,1775,1765,710.0,510.0,545.0,11176,33
WK036313,2021,10655,5280,5375,6210,3680.0,1245.0,1285.0,7777,137
WK036314,2021,12910,6425,6480,7885,4665.0,1760.0,1465.0,27464,47
WK036315,2021,2415,1160,1260,1270,635.0,275.0,360.0,4648,52
WK036316,2021,8270,4180,4090,5135,3115.0,1245.0,775.0,22975,36
WK036317,2021,4650,2320,2325,2890,1675.0,785.0,430.0,21132,22
WK036318,2021,6735,3445,3295,3895,2270.0,1010.0,620.0,26956,25
WK036319,2021,6955,3435,3525,4485,2900.0,910.0,675.0,27824,25
WK036320,2021,7455,3670,3790,4505,2615.0,1115.0,785.0,21929,34
WK036321,2021,7920,3830,4090,4800,2765.0,1245.0,790.0,26403,30
WK036322,2021,1775,915,855,965,535.0,240.0,195.0,8064,22
WK036323,2021,3935,2100,1835,2570,1660.0,550.0,355.0,1854,212
WK036324,2021,14630,7370,7260,9655,6125.0,2330.0,1205.0,23222,63
WK036325,2021,12375,5955,6425,7905,4805.0,1960.0,1135.0,24267,51
WK036326,2021,8080,3850,4235,4740,2710.0,970.0,1055.0,23083,35
WK036327,2021,5915,2985,2930,3670,2220.0,875.0,575.0,15995,37
WK036328,2021,10625,5265,5360,6315,3705.0,1410.0,1200.0,14758,72
WK036329,2021,10045,4895,5150,5665,3270.0,1200.0,1190.0,17025,59
WK036330,2021,9100,4440,4660,4950,2645.0,1115.0,1195.0,24600,37
WK036331,2021,12515,6215,6300,7000,3800.0,1640.0,1565.0,26634,47
WK036332,2021,9755,4855,4900,5150,2725.0,1130.0,1295.0,10376,94
WK036333,2021,18755,9470,9290,9570,4120.0,2680.0,2770.0,12180,154
WK036334,2021,4985,2460,2525,2985,1770.0,660.0,555.0,2010,248
WK036335,2021,15705,7845,7860,6390,2075.0,1260.0,3055.0,14021,112
WK036336,2021,510,285,225,300,150.0,110.0,40.0,426,120
WK036337,2021,18935,9290,9650,10380,5460.0,2525.0,2400.0,18566,102
WK036338,2021,5840,2765,3070,3345,1715.0,1000.0,635.0,16217,36
WK036339,2021,11020,5530,5495,5555,2955.0,1125.0,1470.0,15306,72
WK036340,2021,6770,3280,3485,3995,2195.0,1085.0,715.0,24168,28
WK036341,2021,8245,4555,3695,3345,1915.0,820.0,615.0,28434,29
WK036342,2021,10345,5135,5215,6010,3340.0,1500.0,1165.0,25868,40
WK036343,2021,6835,3225,3610,3905,1970.0,1150.0,785.0,21363,32
WK036344,2021,11775,5465,6315,6965,3745.0,1905.0,1315.0,13858,85
WK036345,2021,3985,1905,2080,2535,1550.0,625.0,365.0,13741,29
WK036346,2021,5565,2735,2835,2670,1165.0,660.0,850.0,8700,64
WK036347,2021,12535,6140,6395,6790,3500.0,1750.0,1535.0,9567,131
WK036348,2021,11865,5615,6250,6790,3635.0,1575.0,1580.0,12360,96
WK036349,2021,8500,4085,4415,3935,1620.0,940.0,1370.0,9659,88
WK036350,2021,70,40,35,25,5.0,5.0,15.0,178,40
WK036351,2021,8155,3970,4185,3135,1010.0,485.0,1640.0,12356,66
WK036352,2021,14835,6930,7905,8190,4150.0,2165.0,1870.0,14985,99
WK036353,2021,5220,2500,2720,3225,1885.0,775.0,565.0,20092,26
WK036354,2021,9080,4275,4810,5650,3310.0,1370.0,970.0,9365,97
WK036355,2021,11895,5970,5925,6685,4040.0,1330.0,1315.0,7527,158
WK036356,2021,15535,7450,8085,8370,4400.0,1865.0,2100.0,5490,283
WK036357,2021,3135,1465,1675,1875,1070.0,390.0,415.0,2878,109
WK036358,2021,5250,2735,2515,3380,2145.0,880.0,355.0,1842,285
WK036359,2021,1380,645,735,655,285.0,165.0,205.0,3632,38
WK036360,2021,9445,4665,4780,4920,2455.0,900.0,1570.0,7936,119
WK036361,2021,8135,4110,4025,4395,2395.0,850.0,1155.0,6838,119
WK036362,2021,3485,1595,1890,1825,835.0,420.0,565.0,8107,43
WK036363,2021,1895,910,985,930,385.0,210.0,330.0,11153,17
WK036364,2021,1670,820,845,645,155.0,195.0,295.0,4631,36
WK036365,2021,12010,5785,6225,5675,2410.0,1240.0,2025.0,7555,159
WK036366,2021,8855,4355,4500,4025,1565.0,930.0,1530.0,3501,253
WK036367,2021,3505,1670,1835,1395,350.0,375.0,675.0,2597,135
WK036368,2021,13560,6625,6940,6095,2670.0,1170.0,2250.0,9551,142
WK036369,2021,11185,5365,5820,5995,3315.0,1240.0,1440.0,7408,151
WK036370,2021,14815,7235,7580,6695,2955.0,1310.0,2430.0,8924,166
WK036371,2021,5815,3110,2705,3660,2250.0,865.0,540.0,2326,250
WK036372,2021,250,165,85,185,140.0,30.0,10.0,366,68
WK036373,2021,2415,1240,1175,1005,320.0,275.0,410.0,97,2477
WK036374,2021,3855,2035,1815,1840,930.0,285.0,620.0,4701,82
WK036375,2021,6095,2980,3120,3225,1605.0,760.0,860.0,24396,25
WK036376,2021,9215,4765,4450,4425,2240.0,760.0,1420.0,9599,96
WK036377,2021,17795,9045,8750,8640,4425.0,1470.0,2745.0,7909,225
WK036378,2021,16345,8255,8085,6885,2880.0,1215.0,2785.0,12383,132
WK036379,2021,2445,1205,1240,1025,310.0,285.0,425.0,1116,219
WK036380,2021,1190,660,530,400,165.0,105.0,130.0,223,533
WK036381,2021,17150,8440,8715,9085,4890.0,1880.0,2320.0,10854,158
WK036382,2021,15380,7585,7795,6970,3185.0,1275.0,2515.0,14933,103
WK036383,2021,6170,3215,2955,2785,1405.0,495.0,890.0,10283,60
WK036384,2021,14290,7025,7260,5930,1960.0,1345.0,2630.0,9463,151
WK036385,2021,8090,4030,4060,3760,1650.0,820.0,1285.0,7286,111
WK036386,2021,14335,7000,7335,7490,4165.0,1515.0,1810.0,9887,145
WK036387,2021,11395,5945,5455,7140,4595.0,1530.0,1020.0,8084,141
WK036388,2021,14145,6975,7170,6325,2160.0,1800.0,2365.0,3029,467
WK036389,2021,10730,5205,5530,5650,3190.0,975.0,1485.0,8585,125
WK036390,2021,13565,6390,7175,7710,4320.0,1745.0,1650.0,4759,285
WK036391,2021,7965,3770,4190,4530,2615.0,1020.0,890.0,5206,153
WK036392,2021,1625,760,860,1465,1365.0,85.0,10.0,326,498
WK036393,2021,24565,12505,12060,14085,8830.0,1810.0,3445.0,8106,303
WK036394,2021,29840,15040,14800,15595,8365.0,2385.0,4840.0,8066,370
WK036395,2021,3065,1605,1460,1840,1045.0,430.0,365.0,1400,219
WK036396,2021,18120,8695,9420,9090,4500.0,1520.0,3065.0,6968,260
WK036397,2021,11235,5580,5650,5555,2530.0,1125.0,1895.0,6139,183
WK036398,2021,1630,780,845,685,200.0,190.0,295.0,930,175
WK036300,2020,4465,2465,2000,3195,2230.0,730.0,240.0,12784,35
WK036301,2020,4130,2260,1875,2950,2010.0,745.0,190.0,7236,57
WK036302,2020,6435,3370,3065,4140,2550.0,1080.0,510.0,14380,45
WK036303,2020,5435,2930,2505,3385,2055.0,865.0,460.0,10463,52
WK036304,2020,9710,5060,4645,6405,4165.0,1410.0,830.0,13652,71
WK036305,2020,9275,4645,4630,5675,3380.0,1325.0,970.0,16948,55
WK036306,2020,19400,9840,9565,12945,8505.0,2770.0,1670.0,23247,83
WK036307,2020,7295,3775,3525,4565,2760.0,1155.0,650.0,13122,56
WK036308,2020,7480,3890,3590,4560,2950.0,1005.0,610.0,9633,78
WK036309,2020,13690,6965,6720,8045,4810.0,1670.0,1565.0,13870,99
WK036310,2020,105,70,35,70,55.0,5.0,10.0,5,2010
WK036311,2020,835,480,355,705,595.0,100.0,10.0,116,720
WK036312,2020,2950,1515,1430,1490,645.0,415.0,430.0,8989,33
WK036313,2020,10780,5360,5420,6260,3705.0,1240.0,1315.0,7890,137
WK036314,2020,13105,6550,6550,7980,4750.0,1725.0,1505.0,27685,47
WK036315,2020,2465,1170,1295,1305,665.0,260.0,375.0,4741,52
WK036316,2020,8280,4160,4125,5155,3180.0,1180.0,795.0,23076,36
WK036317,2020,4660,2350,2305,2900,1715.0,740.0,445.0,21439,22
WK036318,2020,6670,3375,3295,3940,2405.0,920.0,615.0,26452,25
WK036319,2020,7085,3525,3560,4550,2955.0,895.0,695.0,28378,25
WK036320,2020,7360,3590,3770,4435,2575.0,1075.0,785.0,21968,34
WK036321,2020,8010,3920,4085,4810,2750.0,1260.0,810.0,26868,30
WK036322,2020,1770,910,855,970,565.0,200.0,200.0,8163,22
WK036323,2020,3950,2120,1830,2630,1745.0,540.0,350.0,1864,212
WK036324,2020,14820,7460,7360,9765,6240.0,2270.0,1260.0,23344,63
WK036325,2020,12435,6000,6435,7940,4895.0,1850.0,1195.0,24213,51
WK036326,2020,8195,3900,4295,4840,2820.0,945.0,1080.0,23213,35
WK036327,2020,5895,2970,2925,3665,2235.0,845.0,580.0,15947,37
WK036328,2020,10880,5425,5455,6480,3865.0,1360.0,1255.0,15061,72
WK036329,2020,10225,5025,5200,5780,3390.0,1190.0,1200.0,17219,59
WK036330,2020,9230,4530,4705,5075,2790.0,1065.0,1220.0,25008,37
WK036331,2020,12530,6240,6285,6985,3810.0,1610.0,1570.0,26742,47
WK036332,2020,9920,4960,4955,5195,2760.0,1095.0,1340.0,10557,94
WK036333,2020,18925,9555,9370,9660,4245.0,2605.0,2810.0,12255,154
WK036334,2020,4705,2340,2360,2885,1745.0,650.0,490.0,1899,248
WK036335,2020,15730,7870,7860,6430,2145.0,1275.0,3010.0,14016,112
WK036336,2020,540,300,235,310,165.0,100.0,40.0,448,120
WK036337,2020,19055,9415,9640,10435,5570.0,2420.0,2445.0,18647,102
WK036338,2020,5870,2810,3055,3375,1770.0,945.0,655.0,16186,36
WK036339,2020,10725,5350,5375,5495,3035.0,1040.0,1415.0,14881,72
WK036340,2020,6845,3360,3490,4035,2235.0,1070.0,730.0,24844,28
WK036341,2020,7685,4140,3545,3405,1990.0,770.0,640.0,26651,29
WK036342,2020,10435,5210,5220,6115,3485.0,1460.0,1170.0,26131,40
WK036343,2020,6960,3305,3655,3970,2035.0,1115.0,825.0,21845,32
WK036344,2020,11865,5505,6360,7065,3885.0,1845.0,1335.0,13979,85
WK036345,2020,3960,1870,2095,2510,1535.0,580.0,395.0,13667,29
WK036346,2020,5515,2740,2775,2635,1130.0,660.0,835.0,8636,64
WK036347,2020,12625,6235,6385,6820,3550.0,1685.0,1585.0,9609,131
WK036348,2020,11925,5615,6310,6845,3695.0,1525.0,1625.0,12456,96
WK036349,2020,8535,4040,4500,3965,1670.0,940.0,1355.0,9655,88
WK036350,2020,0,0,0,0,0.0,0.0,0.0,.,40
WK036351,2020,8265,4010,4255,3155,980.0,530.0,1650.0,12467,66
WK036352,2020,14995,6945,8045,8370,4385.0,2080.0,1905.0,15158,99
WK036353,2020,5290,2525,2765,3275,1935.0,770.0,570.0,20649,26
WK036354,2020,9160,4300,4860,5720,3385.0,1330.0,1005.0,9490,97
WK036355,2020,11640,5820,5815,6520,3950.0,1290.0,1280.0,7356,158
WK036356,2020,15790,7540,8250,8515,4540.0,1835.0,2145.0,5572,283
WK036357,2020,3230,1505,1730,1935,1100.0,405.0,425.0,2971,109
WK036358,2020,5080,2615,2465,3410,2280.0,830.0,305.0,1785,285
WK036359,2020,1345,625,720,670,335.0,150.0,190.0,3509,38
WK036360,2020,9565,4720,4845,5025,2530.0,940.0,1555.0,8005,119
WK036361,2020,8255,4170,4085,4440,2425.0,820.0,1195.0,6964,119
WK036362,2020,3540,1630,1910,1840,815.0,445.0,580.0,8238,43
WK036363,2020,1885,905,980,930,390.0,210.0,325.0,11182,17
WK036364,2020,1655,820,840,635,150.0,185.0,300.0,4622,36
WK036365,2020,11955,5745,6215,5625,2390.0,1225.0,2010.0,7522,159
WK036366,2020,8885,4335,4550,4050,1585.0,920.0,1550.0,3506,253
WK036367,2020,3485,1650,1840,1420,380.0,370.0,665.0,2584,135
WK036368,2020,13190,6450,6740,5885,2565.0,1115.0,2215.0,9258,142
WK036369,2020,11160,5325,5830,5935,3260.0,1240.0,1435.0,7387,151
WK036370,2020,14780,7230,7550,6765,3020.0,1345.0,2405.0,8922,166
WK036371,2020,4760,2505,2255,2925,1740.0,730.0,455.0,1903,250
WK036372,2020,300,200,100,210,150.0,50.0,10.0,435,68
WK036373,2020,2380,1210,1170,990,315.0,285.0,395.0,96,2477
WK036374,2020,3455,1830,1630,1675,860.0,255.0,555.0,4230,82
WK036375,2020,6160,3020,3145,3265,1665.0,745.0,860.0,24300,25
WK036376,2020,9480,4910,4570,4550,2280.0,805.0,1460.0,9840,96
WK036377,2020,18025,9140,8885,8770,4520.0,1465.0,2780.0,8018,225
WK036378,2020,16535,8320,8215,7035,3010.0,1225.0,2795.0,12521,132
WK036379,2020,2450,1210,1245,1030,320.0,300.0,410.0,1121,219
WK036380,2020,1215,680,540,410,155.0,115.0,135.0,228,533
WK036381,2020,16680,8215,8465,8725,4640.0,1770.0,2315.0,10584,158
WK036382,2020,15710,7705,8005,7055,3165.0,1330.0,2560.0,15219,103
WK036383,2020,6225,3205,3020,2775,1360.0,510.0,905.0,10409,60
WK036384,2020,14470,7115,7355,5980,1950.0,1375.0,2655.0,9590,151
WK036385,2020,8140,4075,4065,3790,1710.0,775.0,1305.0,7331,111
WK036386,2020,14145,6880,7265,7405,4170.0,1440.0,1790.0,9727,145
WK036387,2020,11350,5995,5355,7165,4695.0,1435.0,1030.0,8033,141
WK036388,2020,14035,6920,7115,6250,2120.0,1760.0,2370.0,3007,467
WK036389,2020,10810,5245,5570,5720,3275.0,990.0,1455.0,8653,125
WK036390,2020,13615,6415,7205,7795,4375.0,1770.0,1650.0,4784,285
WK036391,2020,8100,3825,4275,4595,2680.0,1030.0,885.0,5285,153
WK036392,2020,745,420,320,615,575.0,25.0,15.0,149,498
WK036393,2020,24935,12605,12335,14380,9095.0,1715.0,3570.0,8236,303
WK036394,2020,29770,14975,14795,15700,8615.0,2285.0,4795.0,8039,370
WK036395,2020,3035,1580,1450,1835,1065.0,415.0,360.0,1388,219
WK036396,2020,18385,8745,9640,9215,4565.0,1510.0,3145.0,7084,260
WK036397,2020,11325,5615,5715,5575,2535.0,1135.0,1910.0,6177,183
WK036398,2020,1625,780,845,685,200.0,190.0,300.0,925,175
WK036300,2019,4295,2400,1890,3040,2100.0,690.0,250.0,12292,35
WK036301,2019,4120,2225,1890,2915,1990.0,720.0,200.0,7219,57
WK036302,2019,6370,3375,2995,4105,2565.0,1035.0,495.0,14234,45
WK036303,2019,5380,2905,2475,3405,2110.0,835.0,455.0,10369,52
WK036304,2019,9670,5015,4650,6435,4245.0,1365.0,825.0,13603,71
WK036305,2019,9310,4635,4670,5720,3485.0,1250.0,980.0,17012,55
WK036306,2019,19420,9860,9560,13000,8655.0,2635.0,1705.0,23271,83
WK036307,2019,7255,3730,3525,4645,2925.0,1070.0,645.0,13048,56
WK036308,2019,7740,4120,3620,4585,2920.0,1045.0,615.0,9970,78
WK036309,2019,13245,6610,6630,7945,4755.0,1635.0,1550.0,13422,99
WK036310,2019,175,110,60,135,110.0,5.0,10.0,9,2010
WK036311,2019,860,515,345,735,640.0,85.0,5.0,120,720
WK036312,2019,2395,1230,1165,1265,580.0,355.0,325.0,7301,33
WK036313,2019,10785,5335,5445,6190,3625.0,1240.0,1320.0,7893,137
WK036314,2019,13165,6605,6555,7975,4740.0,1725.0,1505.0,27816,47
WK036315,2019,2480,1180,1295,1275,640.0,255.0,380.0,4770,52
WK036316,2019,8310,4145,4165,5145,3185.0,1140.0,815.0,23174,36
WK036317,2019,4640,2325,2310,2890,1730.0,705.0,455.0,21352,22
WK036318,2019,6525,3325,3195,3870,2360.0,880.0,625.0,25877,25
WK036319,2019,7025,3475,3550,4510,2925.0,890.0,695.0,28154,25
WK036320,2019,7460,3630,3825,4585,2780.0,1015.0,785.0,22267,34
WK036321,2019,7915,3855,4055,4830,2845.0,1185.0,790.0,26562,30
WK036322,2019,1835,945,890,1020,600.0,215.0,205.0,8481,22
WK036323,2019,3845,2050,1790,2650,1840.0,495.0,310.0,1815,212
WK036324,2019,14755,7460,7290,9795,6390.0,2175.0,1230.0,23248,63
WK036325,2019,12375,5955,6420,7885,4925.0,1775.0,1180.0,24092,51
WK036326,2019,8195,3930,4265,4860,2815.0,975.0,1065.0,23233,35
WK036327,2019,5830,2955,2870,3605,2205.0,795.0,600.0,15771,37
WK036328,2019,10855,5400,5450,6490,3900.0,1335.0,1250.0,15027,72
WK036329,2019,10185,5010,5170,5855,3455.0,1180.0,1215.0,17153,59
WK036330,2019,9250,4540,4710,5025,2745.0,1050.0,1225.0,25065,37
WK036331,2019,12625,6335,6285,7060,3925.0,1555.0,1575.0,26944,47
WK036332,2019,10055,5030,5020,5260,2820.0,1075.0,1360.0,10705,94
WK036333,2019,18840,9485,9350,9550,4130.0,2605.0,2815.0,12201,154
WK036334,2019,3650,1835,1815,2445,1685.0,450.0,310.0,1476,248
WK036335,2019,15460,7730,7730,6185,2000.0,1185.0,2995.0,13776,112
WK036336,2019,545,320,225,315,165.0,105.0,40.0,455,120
WK036337,2019,18890,9335,9555,10335,5575.0,2320.0,2440.0,18491,102
WK036338,2019,5885,2820,3060,3385,1805.0,915.0,665.0,16230,36
WK036339,2019,10160,5010,5150,5205,2930.0,885.0,1390.0,14100,72
WK036340,2019,6815,3320,3490,4065,2310.0,1025.0,725.0,24739,28
WK036341,2019,7515,4095,3420,3395,2000.0,760.0,625.0,26068,29
WK036342,2019,10360,5200,5160,6060,3475.0,1385.0,1190.0,25958,40
WK036343,2019,6920,3275,3640,4000,2125.0,1050.0,820.0,21732,32
WK036344,2019,11810,5500,6310,7085,3950.0,1820.0,1310.0,13918,85
WK036345,2019,3930,1840,2090,2510,1570.0,555.0,390.0,13574,29
WK036346,2019,5495,2700,2790,2645,1160.0,655.0,835.0,8611,64
WK036347,2019,12725,6235,6490,6855,3585.0,1660.0,1620.0,9690,131
WK036348,2019,11820,5575,6245,6850,3735.0,1535.0,1585.0,12351,96
WK036349,2019,8630,4100,4530,4075,1780.0,935.0,1365.0,9766,88
WK036350,2019,0,0,0,0,0.0,0.0,0.0,.,40
WK036351,2019,8250,3975,4275,3135,975.0,510.0,1660.0,12448,66
WK036352,2019,15100,6940,8160,8435,4460.0,2055.0,1925.0,15270,99
WK036353,2019,5305,2535,2770,3330,2035.0,720.0,585.0,20716,26
WK036354,2019,9105,4275,4830,5715,3435.0,1295.0,1000.0,9438,97
WK036355,2019,11300,5680,5615,6360,3825.0,1280.0,1265.0,7143,158
WK036356,2019,15870,7565,8305,8550,4575.0,1785.0,2195.0,5600,283
WK036357,2019,3260,1525,1730,1965,1150.0,400.0,425.0,2996,109
WK036358,2019,4795,2430,2360,3200,2380.0,575.0,255.0,1685,285
WK036359,2019,1335,625,710,665,320.0,160.0,190.0,3498,38
WK036360,2019,9645,4770,4870,5030,2535.0,935.0,1570.0,8074,119
WK036361,2019,8270,4175,4095,4405,2360.0,830.0,1220.0,6977,119
WK036362,2019,3525,1640,1885,1850,835.0,440.0,580.0,8210,43
WK036363,2019,1880,915,965,930,395.0,220.0,320.0,11164,17
WK036364,2019,1685,830,850,645,160.0,180.0,310.0,4714,36
WK036365,2019,11710,5645,6065,5475,2285.0,1210.0,1985.0,7368,159
WK036366,2019,8895,4325,4570,4065,1580.0,930.0,1565.0,3512,253
WK036367,2019,3285,1580,1705,1360,380.0,375.0,620.0,2437,135
WK036368,2019,13185,6450,6735,5880,2595.0,1080.0,2215.0,9255,142
WK036369,2019,11125,5330,5795,5945,3300.0,1200.0,1455.0,7367,151
WK036370,2019,14415,7060,7355,6510,2860.0,1280.0,2375.0,8703,166
WK036371,2019,4055,2145,1910,2580,1640.0,570.0,375.0,1622,250
WK036372,2019,325,225,100,230,170.0,55.0,15.0,477,68
WK036373,2019,2310,1180,1130,950,280.0,290.0,390.0,93,2477
WK036374,2019,2850,1455,1395,1170,390.0,260.0,530.0,3493,82
WK036375,2019,6205,3040,3160,3260,1650.0,745.0,875.0,24474,25
WK036376,2019,9345,4865,4475,4485,2295.0,725.0,1475.0,9702,96
WK036377,2019,17975,9170,8805,8660,4415.0,1455.0,2800.0,7997,225
WK036378,2019,16255,8155,8100,7005,3045.0,1225.0,2740.0,12313,132
WK036379,2019,2445,1210,1235,1035,315.0,310.0,420.0,1119,219
WK036380,2019,1125,605,520,395,155.0,110.0,140.0,212,533
WK036381,2019,16290,8005,8280,8630,4570.0,1820.0,2245.0,10339,158
WK036382,2019,15755,7700,8055,7030,3140.0,1340.0,2560.0,15264,103
WK036383,2019,6130,3150,2975,2765,1385.0,505.0,880.0,10250,60
WK036384,2019,14530,7180,7345,5920,1895.0,1345.0,2690.0,9630,151
WK036385,2019,8060,4025,4035,3760,1695.0,770.0,1300.0,7263,111
WK036386,2019,13915,6795,7120,7310,4145.0,1405.0,1770.0,9569,145
WK036387,2019,10575,5575,4995,6515,4205.0,1310.0,1005.0,7486,141
WK036388,2019,13960,6870,7090,6195,2090.0,1725.0,2385.0,2991,467
WK036389,2019,10640,5150,5490,5690,3290.0,1025.0,1380.0,8519,125
WK036390,2019,13530,6310,7220,7795,4430.0,1735.0,1635.0,4753,285
WK036391,2019,7915,3745,4170,4515,2655.0,1010.0,855.0,5166,153
WK036392,2019,710,390,320,565,530.0,25.0,20.0,143,498
WK036393,2019,24170,12205,11960,13475,8155.0,1675.0,3650.0,7984,303
WK036394,2019,29455,14760,14695,15495,8470.0,2250.0,4785.0,7955,370
WK036395,2019,2920,1535,1385,1770,1025.0,410.0,345.0,1335,219
WK036396,2019,18255,8690,9560,9175,4525.0,1515.0,3140.0,7034,260
WK036397,2019,11435,5670,5760,5590,2535.0,1090.0,1980.0,6238,183
WK036398,2019,1605,770,830,675,185.0,200.0,295.0,916,175
WK036300,2018,4305,2395,1910,3090,2180.0,665.0,245.0,12323,35
WK036301,2018,3930,2150,1775,2835,2000.0,635.0,195.0,6881,57
WK036302,2018,6385,3375,3005,4110,2570.0,1030.0,505.0,14261,45
WK036303,2018,5350,2890,2455,3410,2140.0,800.0,465.0,10303,52
WK036304,2018,9765,5090,4675,6485,4285.0,1325.0,870.0,13741,71
WK036305,2018,9305,4650,4655,5670,3415.0,1255.0,990.0,17007,55
WK036306,2018,19435,9825,9610,12985,8625.0,2590.0,1765.0,23289,83
WK036307,2018,7235,3735,3500,4670,2990.0,1050.0,630.0,13012,56
WK036308,2018,7860,4130,3730,4915,3245.0,1035.0,630.0,10125,78
WK036309,2018,13210,6610,6600,7965,4795.0,1610.0,1555.0,13388,99
WK036310,2018,195,125,70,145,120.0,10.0,15.0,10,2010
WK036311,2018,525,350,175,475,440.0,20.0,5.0,73,720
WK036312,2018,1115,585,530,655,365.0,160.0,125.0,3411,33
WK036313,2018,10780,5355,5420,6270,3680.0,1195.0,1390.0,7890,137
WK036314,2018,13315,6675,6640,8105,4860.0,1720.0,1520.0,28139,47
WK036315,2018,2420,1170,1250,1240,610.0,245.0,390.0,4660,52
WK036316,2018,8435,4225,4205,5160,3165.0,1160.0,840.0,23520,36
WK036317,2018,4705,2355,2345,2925,1745.0,720.0,465.0,21646,22
WK036318,2018,6590,3345,3240,3950,2460.0,855.0,640.0,26135,25
WK036319,2018,6990,3485,3505,4535,3005.0,835.0,705.0,28005,25
WK036320,2018,7410,3590,3820,4580,2835.0,965.0,790.0,22124,34
WK036321,2018,7890,3835,4055,4840,2910.0,1125.0,810.0,26482,30
WK036322,2018,1860,945,915,1045,625.0,215.0,210.0,8592,22
WK036323,2018,3700,2050,1645,2630,1905.0,465.0,270.0,1747,212
WK036324,2018,14820,7515,7305,9875,6510.0,2120.0,1250.0,23353,63
WK036325,2018,12325,5965,6355,7905,5015.0,1720.0,1175.0,23998,51
WK036326,2018,8200,3890,4310,4905,2875.0,955.0,1080.0,23247,35
WK036327,2018,5535,2780,2755,3470,2180.0,745.0,555.0,14984,37
WK036328,2018,10890,5425,5460,6460,3835.0,1365.0,1265.0,15076,72
WK036329,2018,10065,4965,5100,5805,3465.0,1170.0,1180.0,16956,59
WK036330,2018,9340,4585,4755,5125,2865.0,1010.0,1255.0,25306,37
WK036331,2018,12640,6365,6275,7060,3930.0,1570.0,1565.0,26985,47
WK036332,2018,10215,5125,5085,5350,2890.0,1095.0,1375.0,10876,94
WK036333,2018,18545,9340,9205,9315,4045.0,2430.0,2850.0,12011,154
WK036334,2018,3135,1600,1535,2210,1625.0,355.0,240.0,1267,248
WK036335,2018,14820,7395,7420,5770,1760.0,1075.0,2945.0,13204,112
WK036336,2018,505,295,210,285,155.0,100.0,35.0,421,120
WK036337,2018,18560,9185,9370,10210,5620.0,2190.0,2405.0,18164,102
WK036338,2018,5845,2825,3020,3380,1830.0,900.0,660.0,16128,36
WK036339,2018,10075,4985,5090,5140,2895.0,870.0,1385.0,13983,72
WK036340,2018,6895,3330,3565,4170,2455.0,970.0,750.0,25044,28
WK036341,2018,7135,3875,3260,3395,2020.0,745.0,635.0,24754,29
WK036342,2018,10415,5175,5235,6055,3495.0,1340.0,1235.0,26086,40
WK036343,2018,6945,3340,3605,4080,2245.0,1040.0,810.0,21808,32
WK036344,2018,11835,5490,6345,7140,4060.0,1750.0,1340.0,13948,85
WK036345,2018,3820,1815,2000,2445,1520.0,550.0,380.0,13187,29
WK036346,2018,5500,2710,2785,2625,1160.0,625.0,850.0,8617,64
WK036347,2018,12625,6145,6480,6815,3565.0,1660.0,1600.0,9613,131
WK036348,2018,11790,5500,6290,6960,3925.0,1500.0,1540.0,12319,96
WK036349,2018,8640,4080,4555,4110,1835.0,935.0,1350.0,9775,88
WK036350,2018,0,0,0,0,0.0,0.0,0.0,.,40
WK036351,2018,8095,3895,4200,3090,965.0,490.0,1645.0,12215,66
WK036352,2018,15115,6940,8170,8535,4630.0,2035.0,1875.0,15283,99
WK036353,2018,5385,2575,2810,3360,2045.0,725.0,600.0,21012,26
WK036354,2018,9160,4305,4855,5830,3580.0,1270.0,990.0,9494,97
WK036355,2018,10800,5370,5425,6115,3670.0,1215.0,1240.0,6828,158
WK036356,2018,15450,7335,8115,8120,4130.0,1820.0,2180.0,5453,283
WK036357,2018,3250,1515,1735,1985,1185.0,400.0,410.0,2989,109
WK036358,2018,4600,2405,2190,3155,2435.0,500.0,225.0,1616,285
WK036359,2018,1335,610,720,680,340.0,160.0,185.0,3493,38
WK036360,2018,9755,4820,4935,5125,2610.0,965.0,1555.0,8166,119
WK036361,2018,8250,4165,4085,4390,2355.0,810.0,1230.0,6962,119
WK036362,2018,3535,1650,1880,1850,835.0,450.0,570.0,8229,43
WK036363,2018,1910,930,975,940,400.0,220.0,330.0,11330,17
WK036364,2018,1685,830,850,645,155.0,180.0,315.0,4714,36
WK036365,2018,11525,5540,5985,5425,2290.0,1210.0,1925.0,7251,159
WK036366,2018,8885,4325,4560,4030,1535.0,935.0,1565.0,3507,253
WK036367,2018,3115,1495,1620,1305,360.0,385.0,570.0,2310,135
WK036368,2018,13175,6440,6730,5955,2605.0,1070.0,2285.0,9247,142
WK036369,2018,11170,5360,5810,5935,3280.0,1170.0,1495.0,7397,151
WK036370,2018,14300,7000,7300,6495,2850.0,1310.0,2340.0,8635,166
WK036371,2018,3590,1895,1695,2305,1505.0,465.0,340.0,1436,250
WK036372,2018,315,195,115,220,150.0,60.0,15.0,463,68
WK036373,2018,2275,1155,1120,925,255.0,300.0,380.0,92,2477
WK036374,2018,2735,1370,1360,1085,320.0,250.0,525.0,3350,82
WK036375,2018,6240,3060,3180,3290,1680.0,745.0,875.0,24616,25
WK036376,2018,9295,4810,4485,4440,2250.0,705.0,1490.0,9651,96
WK036377,2018,17965,9155,8810,8665,4415.0,1470.0,2790.0,7992,225
WK036378,2018,15700,7910,7790,6750,2895.0,1230.0,2630.0,11892,132
WK036379,2018,2440,1210,1230,1035,310.0,310.0,425.0,1118,219
WK036380,2018,865,445,420,375,125.0,110.0,150.0,163,533
WK036381,2018,16300,7985,8315,8645,4590.0,1800.0,2265.0,10344,158
WK036382,2018,16050,7835,8215,7145,3180.0,1350.0,2625.0,15549,103
WK036383,2018,6070,3145,2925,2885,1505.0,515.0,870.0,10150,60
WK036384,2018,14525,7170,7355,5915,1900.0,1345.0,2680.0,9630,151
WK036385,2018,7995,3990,4005,3730,1665.0,800.0,1275.0,7203,111
WK036386,2018,13355,6520,6835,7055,4100.0,1275.0,1685.0,9184,145
WK036387,2018,10045,5315,4730,6220,4115.0,1135.0,980.0,7111,141
WK036388,2018,14005,6915,7090,6210,2125.0,1685.0,2405.0,3000,467
WK036389,2018,10550,5060,5485,5630,3290.0,995.0,1355.0,8444,125
WK036390,2018,13365,6245,7120,7825,4520.0,1730.0,1585.0,4695,285
WK036391,2018,7865,3725,4140,4550,2725.0,1005.0,830.0,5133,153
WK036392,2018,710,375,335,610,580.0,15.0,20.0,143,498
WK036393,2018,24270,12275,11990,13705,8355.0,1690.0,3670.0,8017,303
WK036394,2018,28825,14440,14385,15350,8500.0,2220.0,4640.0,7785,370
WK036395,2018,2935,1525,1405,1720,985.0,405.0,345.0,1342,219
WK036396,2018,18265,8680,9580,9190,4540.0,1515.0,3140.0,7037,260
WK036397,2018,11385,5615,5765,5515,2430.0,1075.0,2015.0,6210,183
WK036398,2018,1545,740,805,645,170.0,195.0,290.0,883,175
WK036300,2017,4245,2340,1905,3050,2165.0,630.0,260.0,12157,35
WK036301,2017,3990,2135,1850,2905,2085.0,635.0,195.0,6986,57
WK036302,2017,6370,3340,3025,4120,2605.0,1000.0,520.0,14230,45
WK036303,2017,5405,2960,2445,3505,2275.0,770.0,465.0,10413,52
WK036304,2017,9645,4990,4650,6380,4175.0,1360.0,850.0,13440,72
WK036305,2017,9300,4675,4620,5680,3450.0,1210.0,1030.0,16994,55
WK036306,2017,19305,9795,9510,12940,8680.0,2495.0,1775.0,23133,83
WK036307,2017,7255,3725,3530,4660,2980.0,1035.0,655.0,13050,56
WK036308,2017,7895,4210,3685,4890,3255.0,1025.0,620.0,10172,78
WK036309,2017,12985,6550,6435,7810,4730.0,1545.0,1545.0,13159,99
WK036310,2017,190,125,60,145,125.0,10.0,20.0,10,1998
WK036311,2017,145,100,45,105,90.0,15.0,10.0,20,722
WK036312,2017,1060,550,510,625,355.0,155.0,120.0,3543,30
WK036313,2017,10795,5360,5435,6285,3725.0,1170.0,1400.0,7903,137
WK036314,2017,13260,6620,6640,8065,4855.0,1705.0,1510.0,28025,47
WK036315,2017,2450,1185,1260,1235,605.0,245.0,395.0,4712,52
WK036316,2017,8410,4170,4240,5135,3150.0,1155.0,840.0,23456,36
WK036317,2017,4735,2350,2385,2995,1840.0,685.0,480.0,21803,22
WK036318,2017,6390,3290,3100,3785,2335.0,830.0,630.0,25353,25
WK036319,2017,6985,3470,3510,4560,3075.0,800.0,695.0,27993,25
WK036320,2017,7465,3600,3865,4585,2820.0,945.0,825.0,22294,34
WK036321,2017,7805,3795,4005,4730,2800.0,1105.0,835.0,26203,30
WK036322,2017,1895,940,955,1060,640.0,210.0,220.0,8758,22
WK036323,2017,2805,1605,1195,2160,1730.0,285.0,155.0,1326,212
WK036324,2017,14705,7445,7260,9905,6675.0,1985.0,1255.0,23174,63
WK036325,2017,12300,5905,6395,7910,5080.0,1655.0,1190.0,23954,51
WK036326,2017,8255,3920,4330,4900,2870.0,940.0,1100.0,23391,35
WK036327,2017,5425,2715,2710,3360,2085.0,740.0,545.0,14686,37
WK036328,2017,10905,5440,5460,6455,3845.0,1345.0,1275.0,15096,72
WK036329,2017,9755,4835,4920,5615,3365.0,1125.0,1130.0,16436,59
WK036330,2017,9410,4625,4785,5170,2885.0,1020.0,1275.0,25498,37
WK036331,2017,12665,6375,6285,7060,3965.0,1555.0,1550.0,27030,47
WK036332,2017,10260,5180,5080,5380,2955.0,1060.0,1375.0,10928,94
WK036333,2017,18640,9380,9260,9290,4035.0,2360.0,2905.0,12074,154
WK036334,2017,2175,1055,1115,1650,1325.0,200.0,130.0,880,248
WK036335,2017,14530,7250,7275,5625,1735.0,1040.0,2860.0,12965,112
WK036336,2017,525,310,215,290,155.0,105.0,40.0,440,120
WK036337,2017,18640,9210,9425,10305,5755.0,2155.0,2400.0,18243,102
WK036338,2017,5760,2780,2980,3385,1920.0,820.0,655.0,15894,36
WK036339,2017,9915,4870,5040,4965,2715.0,885.0,1370.0,13759,72
WK036340,2017,6935,3325,3610,4220,2510.0,955.0,760.0,25182,28
WK036341,2017,6980,3750,3230,3395,2025.0,725.0,655.0,24213,29
WK036342,2017,10615,5235,5380,6210,3650.0,1310.0,1260.0,26587,40
WK036343,2017,6945,3320,3620,4125,2310.0,1045.0,780.0,21805,32
WK036344,2017,11845,5480,6360,7235,4190.0,1705.0,1350.0,13955,85
WK036345,2017,3835,1800,2035,2480,1595.0,495.0,400.0,13239,29
WK036346,2017,5540,2755,2780,2675,1225.0,610.0,845.0,8676,64
WK036347,2017,12840,6230,6610,6910,3650.0,1645.0,1625.0,9776,131
WK036348,2017,11800,5525,6275,6940,3905.0,1490.0,1550.0,12330,96
WK036349,2017,8695,4095,4595,4185,1910.0,940.0,1340.0,9837,88
WK036350,2017,0,0,0,0,0.0,0.0,0.0,.,27
WK036351,2017,7665,3720,3945,2940,945.0,460.0,1545.0,11566,66
WK036352,2017,15085,6950,8130,8630,4780.0,2010.0,1845.0,15253,99
WK036353,2017,5370,2575,2790,3365,2065.0,705.0,605.0,20961,26
WK036354,2017,9180,4265,4910,5850,3645.0,1220.0,995.0,9513,97
WK036355,2017,11065,5515,5545,6385,3865.0,1285.0,1245.0,6995,158
WK036356,2017,15575,7420,8150,8250,4250.0,1825.0,2185.0,5523,282
WK036357,2017,3230,1520,1705,1980,1175.0,410.0,400.0,2971,109
WK036358,2017,4425,2285,2140,3120,2530.0,415.0,180.0,1555,285
WK036359,2017,1310,590,720,675,340.0,150.0,195.0,3433,38
WK036360,2017,9730,4805,4920,5055,2565.0,920.0,1575.0,8145,119
WK036361,2017,8285,4195,4090,4415,2370.0,820.0,1235.0,7001,118
WK036362,2017,3535,1665,1870,1865,840.0,460.0,570.0,8238,43
WK036363,2017,1925,935,990,945,395.0,230.0,325.0,11419,17
WK036364,2017,1685,825,855,645,165.0,180.0,310.0,4705,36
WK036365,2017,11345,5460,5885,5330,2230.0,1225.0,1885.0,7137,159
WK036366,2017,8900,4320,4575,4030,1520.0,955.0,1565.0,3537,252
WK036367,2017,3070,1475,1595,1290,345.0,395.0,560.0,2278,135
WK036368,2017,13265,6460,6805,5990,2605.0,1120.0,2275.0,9313,142
WK036369,2017,11120,5315,5800,5860,3180.0,1205.0,1480.0,7363,151
WK036370,2017,14365,7010,7355,6480,2815.0,1355.0,2320.0,8672,166
WK036371,2017,2545,1365,1180,1640,1055.0,355.0,235.0,1018,250
WK036372,2017,205,130,75,135,90.0,40.0,15.0,302,68
WK036373,2017,2200,1110,1090,915,265.0,295.0,360.0,89,2481
WK036374,2017,2555,1285,1265,1000,280.0,230.0,495.0,3128,82
WK036375,2017,6205,3035,3170,3295,1700.0,725.0,875.0,24482,25
WK036376,2017,9410,4835,4575,4470,2240.0,700.0,1540.0,9772,96
WK036377,2017,17370,8840,8525,8420,4345.0,1420.0,2665.0,7727,225
WK036378,2017,15720,7915,7800,6830,2920.0,1300.0,2615.0,11905,132
WK036379,2017,2460,1220,1235,1060,335.0,310.0,420.0,1109,222
WK036380,2017,865,445,420,390,140.0,110.0,145.0,162,535
WK036381,2017,16115,7940,8175,8585,4620.0,1750.0,2220.0,10227,158
WK036382,2017,16010,7835,8175,7200,3245.0,1350.0,2620.0,15510,103
WK036383,2017,5995,3080,2915,2840,1475.0,520.0,860.0,10029,60
WK036384,2017,14440,7125,7315,5885,1860.0,1355.0,2675.0,9573,151
WK036385,2017,7895,3960,3930,3720,1670.0,805.0,1250.0,7113,111
WK036386,2017,12320,6115,6205,6195,3430.0,1120.0,1650.0,8473,145
WK036387,2017,8705,4645,4055,5165,3165.0,1035.0,975.0,6161,141
WK036388,2017,13990,6875,7115,6190,2100.0,1665.0,2430.0,2998,467
WK036389,2017,10185,4850,5335,5295,3025.0,935.0,1345.0,8154,125
WK036390,2017,13070,6050,7020,7645,4360.0,1800.0,1495.0,4592,285
WK036391,2017,7765,3655,4110,4510,2685.0,1040.0,795.0,5067,153
WK036392,2017,665,320,340,570,550.0,15.0,15.0,134,498
WK036393,2017,24395,12335,12055,13715,8310.0,1725.0,3685.0,8058,303
WK036394,2017,28495,14265,14225,15155,8380.0,2180.0,4600.0,7695,370
WK036395,2017,2985,1560,1420,1750,1010.0,395.0,350.0,1365,219
WK036396,2017,18300,8700,9595,9150,4475.0,1500.0,3175.0,7051,260
WK036397,2017,11470,5650,5815,5525,2415.0,1075.0,2040.0,6257,183
WK036398,2017,1525,730,790,640,170.0,195.0,280.0,870,175
WK036300,2016,4280,2340,1935,3070,2160.0,655.0,265.0,12255,35
WK036301,2016,3960,2150,1805,2900,2105.0,625.0,175.0,6935,57
WK036302,2016,6475,3415,3060,4200,2660.0,1030.0,520.0,14469,45
WK036303,2016,5440,2960,2480,3505,2260.0,785.0,470.0,10476,52
WK036304,2016,9605,4990,4615,6325,4105.0,1360.0,865.0,13390,72
WK036305,2016,9305,4705,4600,5680,3420.0,1240.0,1030.0,17007,55
WK036306,2016,19390,9795,9590,13025,8750.0,2525.0,1765.0,23232,83
WK036307,2016,7340,3775,3565,4720,3025.0,1075.0,630.0,13205,56
WK036308,2016,7930,4120,3810,5105,3460.0,1000.0,650.0,10216,78
WK036309,2016,12620,6330,6290,7560,4560.0,1485.0,1520.0,12788,99
WK036310,2016,195,135,60,145,120.0,10.0,20.0,10,1998
WK036311,2016,100,70,30,75,55.0,20.0,5.0,14,722
WK036312,2016,1025,530,495,665,425.0,155.0,90.0,3427,30
WK036313,2016,10880,5400,5475,6300,3650.0,1245.0,1415.0,7964,137
WK036314,2016,13180,6590,6590,8040,4890.0,1650.0,1510.0,27849,47
WK036315,2016,2490,1205,1285,1270,625.0,240.0,415.0,4793,52
WK036316,2016,8490,4185,4305,5135,3125.0,1140.0,875.0,23681,36
WK036317,2016,4680,2340,2340,2995,1885.0,650.0,470.0,21545,22
WK036318,2016,6345,3290,3050,4225,2825.0,800.0,605.0,25163,25
WK036319,2016,7070,3485,3580,4595,3065.0,815.0,720.0,28338,25
WK036320,2016,7500,3585,3915,4540,2755.0,965.0,830.0,22395,34
WK036321,2016,7785,3765,4015,4745,2845.0,1090.0,820.0,26126,30
WK036322,2016,1855,935,920,1035,615.0,210.0,220.0,8574,22
WK036323,2016,2255,1235,1015,1735,1430.0,165.0,150.0,1066,212
WK036324,2016,14850,7495,7355,9965,6660.0,2055.0,1260.0,23402,63
WK036325,2016,12400,5955,6445,7995,5150.0,1670.0,1180.0,24140,51
WK036326,2016,8275,3925,4350,4895,2865.0,940.0,1100.0,23451,35
WK036327,2016,5205,2625,2580,3175,1940.0,700.0,545.0,14089,37
WK036328,2016,10940,5485,5455,6525,3965.0,1305.0,1260.0,15149,72
WK036329,2016,9245,4575,4670,5360,3205.0,1055.0,1110.0,15577,59
WK036330,2016,9420,4625,4790,5185,2920.0,1005.0,1270.0,25514,37
WK036331,2016,12560,6315,6240,7030,3985.0,1510.0,1540.0,26806,47
WK036332,2016,10375,5265,5105,5350,2930.0,1015.0,1410.0,11048,94
WK036333,2016,18475,9310,9165,9090,3880.0,2280.0,2940.0,11966,154
WK036334,2016,1215,635,575,905,725.0,110.0,75.0,491,248
WK036335,2016,14425,7155,7265,5575,1730.0,990.0,2860.0,12871,112
WK036336,2016,510,300,210,265,125.0,115.0,35.0,427,120
WK036337,2016,19050,9480,9570,10575,5945.0,2210.0,2425.0,18647,102
WK036338,2016,5880,2860,3020,3390,1875.0,835.0,690.0,16225,36
WK036339,2016,9565,4630,4935,4765,2615.0,810.0,1350.0,13274,72
WK036340,2016,6835,3250,3585,4175,2495.0,935.0,750.0,24826,28
WK036341,2016,6915,3725,3190,4560,3105.0,745.0,720.0,23987,29
WK036342,2016,10460,5185,5275,6085,3505.0,1340.0,1255.0,26206,40
WK036343,2016,6930,3315,3615,4160,2360.0,1025.0,780.0,21761,32
WK036344,2016,11760,5420,6335,7175,4170.0,1675.0,1340.0,13855,85
WK036345,2016,3845,1815,2030,2485,1580.0,525.0,385.0,13270,29
WK036346,2016,5640,2815,2825,2740,1285.0,610.0,855.0,8838,64
WK036347,2016,12835,6195,6635,6945,3700.0,1650.0,1605.0,9771,131
WK036348,2016,11630,5445,6185,6825,3840.0,1490.0,1505.0,12153,96
WK036349,2016,8750,4145,4605,4240,1950.0,965.0,1330.0,9903,88
WK036350,2016,0,0,0,0,0.0,0.0,0.0,.,27
WK036351,2016,7000,3355,3645,2730,910.0,425.0,1405.0,10563,66
WK036352,2016,14745,6800,7940,8355,4630.0,1910.0,1825.0,14909,99
WK036353,2016,5355,2580,2770,3315,2000.0,710.0,615.0,20903,26
WK036354,2016,9125,4235,4885,5805,3615.0,1215.0,990.0,9455,97
WK036355,2016,10990,5450,5535,6515,3935.0,1335.0,1250.0,6947,158
WK036356,2016,15285,7250,8030,7970,4015.0,1725.0,2235.0,5421,282
WK036357,2016,3210,1505,1700,1965,1150.0,415.0,405.0,2952,109
WK036358,2016,3920,1945,1970,2975,2450.0,365.0,165.0,1377,285
WK036359,2016,1315,580,735,690,350.0,165.0,180.0,3446,38
WK036360,2016,9645,4765,4880,5020,2560.0,940.0,1525.0,8076,119
WK036361,2016,8230,4175,4055,4400,2365.0,835.0,1210.0,6954,118
WK036362,2016,3520,1640,1875,1870,870.0,460.0,550.0,8196,43
WK036363,2016,1860,890,970,925,380.0,250.0,305.0,11034,17
WK036364,2016,1685,830,855,655,170.0,190.0,305.0,4711,36
WK036365,2016,11165,5390,5770,5280,2260.0,1180.0,1845.0,7023,159
WK036366,2016,8755,4255,4500,3930,1450.0,930.0,1560.0,3481,252
WK036367,2016,3035,1465,1570,1315,380.0,405.0,545.0,2250,135
WK036368,2016,13300,6435,6860,5950,2530.0,1095.0,2330.0,9335,142
WK036369,2016,10945,5215,5725,5730,3085.0,1170.0,1485.0,7248,151
WK036370,2016,14175,6855,7320,6370,2765.0,1280.0,2335.0,8560,166
WK036371,2016,1690,905,785,1050,635.0,250.0,170.0,676,250
WK036372,2016,160,95,60,105,70.0,30.0,10.0,237,68
WK036373,2016,2210,1135,1070,915,260.0,305.0,360.0,89,2481
WK036374,2016,2450,1245,1205,920,230.0,230.0,470.0,3003,82
WK036375,2016,6240,3040,3200,3340,1765.0,695.0,890.0,24628,25
WK036376,2016,9445,4855,4590,4540,2265.0,760.0,1525.0,9810,96
WK036377,2016,17260,8760,8495,8460,4405.0,1445.0,2620.0,7679,225
WK036378,2016,15455,7795,7660,6610,2740.0,1300.0,2575.0,11706,132
WK036379,2016,2385,1170,1215,1030,325.0,305.0,410.0,1076,222
WK036380,2016,845,430,415,370,125.0,110.0,145.0,159,535
WK036381,2016,15910,7735,8170,8480,4550.0,1790.0,2150.0,10096,158
WK036382,2016,15855,7735,8120,7145,3170.0,1345.0,2635.0,15362,103
WK036383,2016,5880,2985,2890,2760,1390.0,520.0,860.0,9835,60
WK036384,2016,14480,7145,7335,5865,1825.0,1330.0,2715.0,9599,151
WK036385,2016,7980,4015,3965,3800,1735.0,810.0,1260.0,7192,111
WK036386,2016,12120,6020,6095,6125,3445.0,1090.0,1600.0,8334,145
WK036387,2016,7820,4115,3705,4230,2300.0,985.0,950.0,5535,141
WK036388,2016,13965,6860,7105,6150,2090.0,1625.0,2445.0,2992,467
WK036389,2016,9645,4685,4960,4800,2565.0,880.0,1365.0,7723,125
WK036390,2016,12690,5865,6825,7505,4365.0,1655.0,1490.0,4458,285
WK036391,2016,7650,3575,4075,4510,2725.0,1025.0,765.0,4993,153
WK036392,2016,430,235,190,295,275.0,20.0,10.0,87,498
WK036393,2016,23910,11985,11925,13200,7825.0,1640.0,3745.0,7898,303
WK036394,2016,27190,13570,13620,14310,7780.0,2095.0,4440.0,7343,370
WK036395,2016,3010,1550,1455,1760,1020.0,400.0,350.0,1376,219
WK036396,2016,18280,8655,9625,9070,4385.0,1510.0,3190.0,7043,260
WK036397,2016,11545,5675,5865,5515,2380.0,1095.0,2050.0,6297,183
WK036398,2016,1475,710,765,625,175.0,190.0,265.0,843,175
